workspace_id,panelist_id,panelist_email_hash,panelist_phone_hash
WS-001,10847,e66f099ed3c85265,1fcb8b9baf2bdd7b
WS-001,10923,8102364da1418e7c,
WS-002,11204,b3071fd47af0b66b,
WS-001,11456,07d58d427355fdda,
WS-001,11589,f3cd204a446f5126,6672c754bd80e137
WS-002,10923,8102364da1418e7c,8326724cd3e7c541
WS-002,11789,a4a28667c6cd1491,
WS-001,12003,7211711eff4e4647,acf73ecf0e522822
WS-002,10847,e66f099ed3c85265,1fcb8b9baf2bdd7b
WS-001,12156,a866e1cc85417c13,5feceb66ffc86f38
WS-001,12389,028312cbbb6aaee7,
WS-002,11456,07d58d427355fdda,15d9b6a88d6c0a90
WS-003,12567,ae888d8a3b480b03,
WS-001,11789,a4a28667c6cd1491,
WS-001,12789,c210a21821f8f78e,5dd18256e8946ffa
WS-001,13001,017836ff21894c77,0466d99e38486dbf
WS-003,13102,67afb67badd60d4c,fc3148c6db01531f
WS-002,13205,84b5eec38ae044d6,
WS-003,11589,f3cd204a446f5126,6672c754bd80e137
WS-003,13350,6f6ab57cc255712e,5a74cc36fa90182a
WS-002,13450,17e66e9b187d89f5,d3336e3317b78270
WS-003,13550,77a5c658941e32eb,7cd9740f831da267
WS-001,13650,1761e80772031853,fa1d8d05313a79fb
WS-001,13750,d0452f143ed789b5,18d0a964e3bfaf6a
WS-002,12789,c210a21821f8f78e,5dd18256e8946ffa
